id,date,type,category,keyword_ru,title_ru,slug,photo_query_en,status_ru,status_en,status_ko
1,2026-06-03,article,Повод,цветы на день рождения,Какие цветы подарить на день рождения в Нячанге,kakie-cvety-podarit-na-den-rozhdeniya-v-nyachange,birthday flowers bouquet,done,done,done
2,2026-06-04,article,Повод,букет на день рождения,Идеи букетов на день рождения: гид для туриста в Нячанге,idei-buketov-na-den-rozhdeniya-gid-dlya-turista-v-nyachange,birthday flowers bouquet,todo,todo,todo
3,2026-06-05,article,Повод,цветы на годовщину свадьбы,Какие цветы подарить на годовщину свадьбы в Нячанге,kakie-cvety-podarit-na-godovschinu-svadby-v-nyachange,anniversary roses,done,done,done
4,2026-06-06,article,Повод,букет на годовщину свадьбы,Идеи букетов на годовщину свадьбы: гид для туриста в Нячанге,idei-buketov-na-godovschinu-svadby-gid-dlya-turista-v-nyachange,anniversary roses,todo,todo,todo
5,2026-06-07,article,Повод,цветы на 8 марта,Какие цветы подарить на 8 марта в Нячанге,kakie-cvety-podarit-na-8-marta-v-nyachange,tulips spring,todo,todo,todo
6,2026-06-08,article,Повод,букет на 8 марта,Идеи букетов на 8 марта: гид для туриста в Нячанге,idei-buketov-na-8-marta-gid-dlya-turista-v-nyachange,tulips spring,todo,todo,todo
7,2026-06-09,article,Повод,цветы на день матери,Какие цветы подарить на день матери в Нячанге,kakie-cvety-podarit-na-den-materi-v-nyachange,flowers mother,todo,todo,todo
8,2026-06-10,article,Повод,букет на день матери,Идеи букетов на день матери: гид для туриста в Нячанге,idei-buketov-na-den-materi-gid-dlya-turista-v-nyachange,flowers mother,todo,todo,todo
9,2026-06-11,article,Повод,цветы на свадьбу,Какие цветы подарить на свадьбу в Нячанге,kakie-cvety-podarit-na-svadbu-v-nyachange,wedding flowers,todo,todo,todo
10,2026-06-12,article,Повод,букет на свадьбу,Идеи букетов на свадьбу: гид для туриста в Нячанге,idei-buketov-na-svadbu-gid-dlya-turista-v-nyachange,wedding flowers,todo,todo,todo
11,2026-06-13,article,Повод,цветы на помолвку,Какие цветы подарить на помолвку в Нячанге,kakie-cvety-podarit-na-pomolvku-v-nyachange,engagement flowers,todo,todo,todo
12,2026-06-14,article,Повод,букет на помолвку,Идеи букетов на помолвку: гид для туриста в Нячанге,idei-buketov-na-pomolvku-gid-dlya-turista-v-nyachange,engagement flowers,todo,todo,todo
13,2026-06-15,article,Повод,цветы в знак извинения,Какие цветы подарить в знак извинения в Нячанге,kakie-cvety-podarit-v-znak-izvineniya-v-nyachange,apology roses,todo,todo,todo
14,2026-06-16,article,Повод,букет в знак извинения,Идеи букетов в знак извинения: гид для туриста в Нячанге,idei-buketov-v-znak-izvineniya-gid-dlya-turista-v-nyachange,apology roses,todo,todo,todo
15,2026-06-17,article,Повод,цветы на выписку из роддома,Какие цветы подарить на выписку из роддома в Нячанге,kakie-cvety-podarit-na-vypisku-iz-roddoma-v-nyachange,newborn flowers,todo,todo,todo
16,2026-06-18,article,Повод,букет на выписку из роддома,Идеи букетов на выписку из роддома: гид для туриста в Нячанге,idei-buketov-na-vypisku-iz-roddoma-gid-dlya-turista-v-nyachange,newborn flowers,todo,todo,todo
17,2026-06-19,article,Повод,цветы на первое свидание,Какие цветы подарить на первое свидание в Нячанге,kakie-cvety-podarit-na-pervoe-svidanie-v-nyachange,romantic date flowers,todo,todo,todo
18,2026-06-20,article,Повод,букет на первое свидание,Идеи букетов на первое свидание: гид для туриста в Нячанге,idei-buketov-na-pervoe-svidanie-gid-dlya-turista-v-nyachange,romantic date flowers,todo,todo,todo
19,2026-06-21,article,Повод,цветы для признания в любви,Какие цветы подарить для признания в любви в Нячанге,kakie-cvety-podarit-dlya-priznaniya-v-lyubvi-v-nyachange,red roses love,todo,todo,todo
20,2026-06-22,article,Повод,букет для признания в любви,Идеи букетов для признания в любви: гид для туриста в Нячанге,idei-buketov-dlya-priznaniya-v-lyubvi-gid-dlya-turista-v-nyachang,red roses love,todo,todo,todo
21,2026-06-23,article,Повод,цветы на юбилей,Какие цветы подарить на юбилей в Нячанге,kakie-cvety-podarit-na-yubiley-v-nyachange,celebration bouquet,todo,todo,todo
22,2026-06-24,article,Повод,букет на юбилей,Идеи букетов на юбилей: гид для туриста в Нячанге,idei-buketov-na-yubiley-gid-dlya-turista-v-nyachange,celebration bouquet,todo,todo,todo
23,2026-06-25,article,Повод,цветы на новоселье,Какие цветы подарить на новоселье в Нячанге,kakie-cvety-podarit-na-novosele-v-nyachange,housewarming flowers,todo,todo,todo
24,2026-06-26,article,Повод,букет на новоселье,Идеи букетов на новоселье: гид для туриста в Нячанге,idei-buketov-na-novosele-gid-dlya-turista-v-nyachange,housewarming flowers,todo,todo,todo
25,2026-06-27,article,Повод,цветы для выздоровления,Какие цветы подарить для выздоровления в Нячанге,kakie-cvety-podarit-dlya-vyzdorovleniya-v-nyachange,get well flowers,todo,todo,todo
26,2026-06-28,article,Повод,букет для выздоровления,Идеи букетов для выздоровления: гид для туриста в Нячанге,idei-buketov-dlya-vyzdorovleniya-gid-dlya-turista-v-nyachange,get well flowers,todo,todo,todo
27,2026-06-29,article,Повод,цветы на выпускной,Какие цветы подарить на выпускной в Нячанге,kakie-cvety-podarit-na-vypusknoy-v-nyachange,graduation bouquet,todo,todo,todo
28,2026-06-30,article,Повод,букет на выпускной,Идеи букетов на выпускной: гид для туриста в Нячанге,idei-buketov-na-vypusknoy-gid-dlya-turista-v-nyachange,graduation bouquet,todo,todo,todo
29,2026-07-01,article,Повод,цветы на день учителя,Какие цветы подарить на день учителя в Нячанге,kakie-cvety-podarit-na-den-uchitelya-v-nyachange,teacher flowers,todo,todo,todo
30,2026-07-02,article,Повод,букет на день учителя,Идеи букетов на день учителя: гид для туриста в Нячанге,idei-buketov-na-den-uchitelya-gid-dlya-turista-v-nyachange,teacher flowers,todo,todo,todo
31,2026-07-03,article,Повод,цветы на 14 февраля,Какие цветы подарить на 14 февраля в Нячанге,kakie-cvety-podarit-na-14-fevralya-v-nyachange,valentine roses,todo,todo,todo
32,2026-07-04,article,Повод,букет на 14 февраля,Идеи букетов на 14 февраля: гид для туриста в Нячанге,idei-buketov-na-14-fevralya-gid-dlya-turista-v-nyachange,valentine roses,todo,todo,todo
33,2026-07-05,article,Повод,цветы в честь рождения ребёнка,Какие цветы подарить в честь рождения ребёнка в Нячанге,kakie-cvety-podarit-v-chest-rozhdeniya-rebenka-v-nyachange,baby flowers,todo,todo,todo
34,2026-07-06,article,Повод,букет в честь рождения ребёнка,Идеи букетов в честь рождения ребёнка: гид для туриста в Нячанге,idei-buketov-v-chest-rozhdeniya-rebenka-gid-dlya-turista-v-nyacha,baby flowers,todo,todo,todo
35,2026-07-07,article,Повод,цветы на корпоратив,Какие цветы подарить на корпоратив в Нячанге,kakie-cvety-podarit-na-korporativ-v-nyachange,office flowers,todo,todo,todo
36,2026-07-08,article,Повод,букет на корпоратив,Идеи букетов на корпоратив: гид для туриста в Нячанге,idei-buketov-na-korporativ-gid-dlya-turista-v-nyachange,office flowers,todo,todo,todo
37,2026-07-09,article,Повод,цветы деловому партнёру,Какие цветы подарить деловому партнёру в Нячанге,kakie-cvety-podarit-delovomu-partneru-v-nyachange,elegant business flowers,todo,todo,todo
38,2026-07-10,article,Повод,букет деловому партнёру,Идеи букетов деловому партнёру: гид для туриста в Нячанге,idei-buketov-delovomu-partneru-gid-dlya-turista-v-nyachange,elegant business flowers,todo,todo,todo
39,2026-07-11,article,Повод,цветы просто так,Какие цветы подарить просто так в Нячанге,kakie-cvety-podarit-prosto-tak-v-nyachange,fresh surprise flowers,todo,todo,todo
40,2026-07-12,article,Повод,букет просто так,Идеи букетов просто так: гид для туриста в Нячанге,idei-buketov-prosto-tak-gid-dlya-turista-v-nyachange,fresh surprise flowers,todo,todo,todo
41,2026-07-13,article,Получатель,цветы жене,Какие цветы выбрать жене — гид по букетам в Нячанге,kakie-cvety-vybrat-zhene-gid-po-buketam-v-nyachange,wife,todo,todo,todo
42,2026-07-14,article,Получатель,цветы девушке,Какие цветы выбрать девушке — гид по букетам в Нячанге,kakie-cvety-vybrat-devushke-gid-po-buketam-v-nyachange,girlfriend,todo,todo,todo
43,2026-07-15,article,Получатель,цветы маме,Какие цветы выбрать маме — гид по букетам в Нячанге,kakie-cvety-vybrat-mame-gid-po-buketam-v-nyachange,mom,todo,todo,todo
44,2026-07-16,article,Получатель,цветы подруге,Какие цветы выбрать подруге — гид по букетам в Нячанге,kakie-cvety-vybrat-podruge-gid-po-buketam-v-nyachange,friend,todo,todo,todo
45,2026-07-17,article,Получатель,цветы коллеге,Какие цветы выбрать коллеге — гид по букетам в Нячанге,kakie-cvety-vybrat-kollege-gid-po-buketam-v-nyachange,colleague,todo,todo,todo
46,2026-07-18,article,Получатель,цветы начальнице,Какие цветы выбрать начальнице — гид по букетам в Нячанге,kakie-cvety-vybrat-nachalnice-gid-po-buketam-v-nyachange,boss elegant,todo,todo,todo
47,2026-07-19,article,Получатель,цветы сестре,Какие цветы выбрать сестре — гид по букетам в Нячанге,kakie-cvety-vybrat-sestre-gid-po-buketam-v-nyachange,sister,todo,todo,todo
48,2026-07-20,article,Получатель,цветы бабушке,Какие цветы выбрать бабушке — гид по букетам в Нячанге,kakie-cvety-vybrat-babushke-gid-po-buketam-v-nyachange,grandmother,todo,todo,todo
49,2026-07-21,article,Получатель,цветы любимой,Какие цветы выбрать любимой — гид по букетам в Нячанге,kakie-cvety-vybrat-lyubimoy-gid-po-buketam-v-nyachange,romantic roses,todo,todo,todo
50,2026-07-22,article,Получатель,цветы учительнице,Какие цветы выбрать учительнице — гид по букетам в Нячанге,kakie-cvety-vybrat-uchitelnice-gid-po-buketam-v-nyachange,teacher,todo,todo,todo
51,2026-07-23,article,Цветок,розы нячанг,"Розы в Нячанге: значение, уход и кому дарить",rozy-v-nyachange-znachenie-uhod-i-komu-darit,red roses,todo,todo,todo
52,2026-07-24,article,Цветок,купить розы нячанг,Сколько стоят розы в Нячанге и как заказать доставку,skolko-stoyat-rozy-v-nyachange-i-kak-zakazat-dostavku,red roses,todo,todo,todo
53,2026-07-25,article,Цветок,пионы нячанг,"Пионы в Нячанге: значение, уход и кому дарить",piony-v-nyachange-znachenie-uhod-i-komu-darit,peonies,todo,todo,todo
54,2026-07-26,article,Цветок,купить пионы нячанг,Сколько стоят пионы в Нячанге и как заказать доставку,skolko-stoyat-piony-v-nyachange-i-kak-zakazat-dostavku,peonies,todo,todo,todo
55,2026-07-27,article,Цветок,тюльпаны нячанг,"Тюльпаны в Нячанге: значение, уход и кому дарить",tyulpany-v-nyachange-znachenie-uhod-i-komu-darit,tulips,todo,todo,todo
56,2026-07-28,article,Цветок,купить тюльпаны нячанг,Сколько стоят тюльпаны в Нячанге и как заказать доставку,skolko-stoyat-tyulpany-v-nyachange-i-kak-zakazat-dostavku,tulips,todo,todo,todo
57,2026-07-29,article,Цветок,орхидеи нячанг,"Орхидеи в Нячанге: значение, уход и кому дарить",orhidei-v-nyachange-znachenie-uhod-i-komu-darit,orchids,todo,todo,todo
58,2026-07-30,article,Цветок,купить орхидеи нячанг,Сколько стоят орхидеи в Нячанге и как заказать доставку,skolko-stoyat-orhidei-v-nyachange-i-kak-zakazat-dostavku,orchids,todo,todo,todo
59,2026-07-31,article,Цветок,лилии нячанг,"Лилии в Нячанге: значение, уход и кому дарить",lilii-v-nyachange-znachenie-uhod-i-komu-darit,lilies,todo,todo,todo
60,2026-08-01,article,Цветок,купить лилии нячанг,Сколько стоят лилии в Нячанге и как заказать доставку,skolko-stoyat-lilii-v-nyachange-i-kak-zakazat-dostavku,lilies,todo,todo,todo
61,2026-08-02,article,Цветок,подсолнухи нячанг,"Подсолнухи в Нячанге: значение, уход и кому дарить",podsolnuhi-v-nyachange-znachenie-uhod-i-komu-darit,sunflowers,todo,todo,todo
62,2026-08-03,article,Цветок,купить подсолнухи нячанг,Сколько стоят подсолнухи в Нячанге и как заказать доставку,skolko-stoyat-podsolnuhi-v-nyachange-i-kak-zakazat-dostavku,sunflowers,todo,todo,todo
63,2026-08-04,article,Цветок,хризантемы нячанг,"Хризантемы в Нячанге: значение, уход и кому дарить",hrizantemy-v-nyachange-znachenie-uhod-i-komu-darit,chrysanthemums,todo,todo,todo
64,2026-08-05,article,Цветок,купить хризантемы нячанг,Сколько стоят хризантемы в Нячанге и как заказать доставку,skolko-stoyat-hrizantemy-v-nyachange-i-kak-zakazat-dostavku,chrysanthemums,todo,todo,todo
65,2026-08-06,article,Цветок,герберы нячанг,"Герберы в Нячанге: значение, уход и кому дарить",gerbery-v-nyachange-znachenie-uhod-i-komu-darit,gerbera,todo,todo,todo
66,2026-08-07,article,Цветок,купить герберы нячанг,Сколько стоят герберы в Нячанге и как заказать доставку,skolko-stoyat-gerbery-v-nyachange-i-kak-zakazat-dostavku,gerbera,todo,todo,todo
67,2026-08-08,article,Цветок,гортензии нячанг,"Гортензии в Нячанге: значение, уход и кому дарить",gortenzii-v-nyachange-znachenie-uhod-i-komu-darit,hydrangea,todo,todo,todo
68,2026-08-09,article,Цветок,купить гортензии нячанг,Сколько стоят гортензии в Нячанге и как заказать доставку,skolko-stoyat-gortenzii-v-nyachange-i-kak-zakazat-dostavku,hydrangea,todo,todo,todo
69,2026-08-10,article,Цветок,эустома нячанг,"Эустома в Нячанге: значение, уход и кому дарить",eustoma-v-nyachange-znachenie-uhod-i-komu-darit,eustoma,todo,todo,todo
70,2026-08-11,article,Цветок,купить эустома нячанг,Сколько стоят эустома в Нячанге и как заказать доставку,skolko-stoyat-eustoma-v-nyachange-i-kak-zakazat-dostavku,eustoma,todo,todo,todo
71,2026-08-12,article,Цветок,ромашки нячанг,"Ромашки в Нячанге: значение, уход и кому дарить",romashki-v-nyachange-znachenie-uhod-i-komu-darit,daisies,todo,todo,todo
72,2026-08-13,article,Цветок,купить ромашки нячанг,Сколько стоят ромашки в Нячанге и как заказать доставку,skolko-stoyat-romashki-v-nyachange-i-kak-zakazat-dostavku,daisies,todo,todo,todo
73,2026-08-14,article,Цветок,каллы нячанг,"Каллы в Нячанге: значение, уход и кому дарить",kally-v-nyachange-znachenie-uhod-i-komu-darit,calla lily,todo,todo,todo
74,2026-08-15,article,Цветок,купить каллы нячанг,Сколько стоят каллы в Нячанге и как заказать доставку,skolko-stoyat-kally-v-nyachange-i-kak-zakazat-dostavku,calla lily,todo,todo,todo
75,2026-08-16,article,Гео,доставка цветов в отель нячанг,Доставка цветов в отели Нячанга — как это работает,dostavka-cvetov-v-oteli-nyachanga-kak-eto-rabotaet,hotel flower delivery,todo,todo,todo
76,2026-08-17,article,Гео,доставка цветов камрань,Доставка цветов в Камрань: сроки и зоны,dostavka-cvetov-v-kamran-sroki-i-zony,resort flowers delivery,todo,todo,todo
77,2026-08-18,article,Гео,цветы в номер отеля,Цветы в номер отеля: сюрприз для второй половинки,cvety-v-nomer-otelya-syurpriz-dlya-vtoroy-polovinki,hotel room flowers,todo,todo,todo
78,2026-08-19,article,Гео,романтический сюрприз нячанг,Романтический сюрприз в Нячанге: цветы и шары,romanticheskiy-syurpriz-v-nyachange-cvety-i-shary,romantic surprise balloons,todo,todo,todo
79,2026-08-20,article,Гео,предложение на пляже нячанг,Предложение руки на пляже Нячанга: оформление цветами,predlozhenie-ruki-na-plyazhe-nyachanga-oformlenie-cvetami,beach proposal flowers,todo,todo,todo
80,2026-08-21,article,Гео,цветы аэропорт камрань,Цветы в аэропорт Камрань: встреча с букетом,cvety-v-aeroport-kamran-vstrecha-s-buketom,airport welcome flowers,todo,todo,todo
81,2026-08-22,article,Гео,украшение номера лепестками роз,Украшение номера лепестками роз в Нячанге,ukrashenie-nomera-lepestkami-roz-v-nyachange,rose petals room,todo,todo,todo
82,2026-08-23,article,Гео,доставка цветов круглосуточно нячанг,Доставка цветов 24/7 в Нячанге: ночные заказы,dostavka-cvetov-247-v-nyachange-nochnye-zakazy,night flower delivery,todo,todo,todo
83,2026-08-24,article,Гео,доставка цветов день в день нячанг,Свежие цветы в Нячанге день в день,svezhie-cvety-v-nyachange-den-v-den,same day delivery flowers,todo,todo,todo
84,2026-08-25,article,Гео,купить цветы нячанг турист,Где купить цветы в Нячанге туристу,gde-kupit-cvety-v-nyachange-turistu,tourist buying flowers,todo,todo,todo
85,2026-08-26,article,Гид,как сохранить букет свежим,Как сохранить букет свежим в жарком климате Вьетнама,kak-sohranit-buket-svezhim-v-zharkom-klimate-vetnama,flowers vase care,todo,todo,todo
86,2026-08-27,article,Гид,значение цвета роз,Значение цвета роз: что означает каждый оттенок,znachenie-cveta-roz-chto-oznachaet-kazhdyy-ottenok,colorful roses,todo,todo,todo
87,2026-08-28,article,Гид,язык цветов значение,Язык цветов: что сказать букетом,yazyk-cvetov-chto-skazat-buketom,flower language,todo,todo,todo
88,2026-08-29,article,Гид,сколько роз дарить,Сколько роз дарить: значение количества,skolko-roz-darit-znachenie-kolichestva,roses bunch,todo,todo,todo
89,2026-08-30,article,Гид,заказать цветы whatsapp,Как заказать доставку цветов через WhatsApp,kak-zakazat-dostavku-cvetov-cherez-whatsapp,ordering flowers phone,todo,todo,todo
90,2026-08-31,article,Гид,оплата цветов нячанг,"Оплата цветов рублями, донгами и долларами в Нячанге",oplata-cvetov-rublyami-dongami-i-dollarami-v-nyachange,flowers payment cash,todo,todo,todo
91,2026-09-01,article,Гид,недорогие цветы нячанг,Бюджетные букеты в Нячанге: красиво и недорого,byudzhetnye-bukety-v-nyachange-krasivo-i-nedorogo,budget bouquet,todo,todo,todo
92,2026-09-02,article,Гид,премиум букеты нячанг,Премиум-букеты в Нячанге: люксовые композиции,premium-bukety-v-nyachange-lyuksovye-kompozicii,luxury arrangement,todo,todo,todo
93,2026-09-03,article,Гид,цветы и шары нячанг,Цветы и воздушные шары: идеальный подарок-сюрприз,cvety-i-vozdushnye-shary-idealnyy-podarok-syurpriz,flowers helium balloons,todo,todo,todo
94,2026-09-04,article,Гид,стойкий букет жара,"Как выбрать букет, который не завянет в дороге",kak-vybrat-buket-kotoryy-ne-zavyanet-v-doroge,durable flowers heat,todo,todo,todo
95,2026-09-05,article,Гид,популярные букеты нячанг,Топ-10 популярных букетов в Нячанге,top-10-populyarnyh-buketov-v-nyachange,popular bouquets,todo,todo,todo
96,2026-09-06,article,Гид,сезонные цветы вьетнам,Сезонные цветы во Вьетнаме по месяцам,sezonnye-cvety-vo-vetname-po-mesyacam,seasonal flowers vietnam,todo,todo,todo
97,2026-09-07,article,Культура,традиции цветов вьетнам,Традиции дарения цветов во Вьетнаме,tradicii-dareniya-cvetov-vo-vetname,vietnam flower tradition,todo,todo,todo
98,2026-09-08,article,Культура,цветы для корейцев,Какие цветы любят корейцы: гид для подарка,kakie-cvety-lyubyat-koreycy-gid-dlya-podarka,korean flower gift,todo,todo,todo
99,2026-09-09,article,Культура,цветочный этикет азия,Цветочный этикет для туристов в Азии,cvetochnyy-etiket-dlya-turistov-v-azii,flower etiquette,todo,todo,todo
100,2026-09-10,article,Культура,какие цветы не дарят вьетнам,Какие цветы не дарят во Вьетнаме,kakie-cvety-ne-daryat-vo-vetname,white flowers,todo,todo,todo
101,2026-09-11,article,Культура,корейские праздники цветы,"Корейские праздники и цветы: Соллаль, Чхусок",koreyskie-prazdniki-i-cvety-sollal-chhusok,korean holiday flowers,todo,todo,todo
102,2026-09-12,article,Культура,пепперо день цветы,День 'Пепперо' и другие корейские поводы,den-peppero-i-drugie-koreyskie-povody,pepero day korea,todo,todo,todo
103,2026-09-13,article,Культура,white day подарок,White Day в Корее: что подарить,white-day-v-koree-chto-podarit,white day gift,todo,todo,todo
104,2026-09-14,article,Культура,годовщина 100 дней,Цветы на годовщину 100 дней отношений,cvety-na-godovschinu-100-dney-otnosheniy,couple 100 days flowers,todo,todo,todo
105,2026-09-15,article,Сезон,цветы в январе нячанг,Какие цветы дарить в январе в Нячанге,kakie-cvety-darit-v-yanvare-v-nyachange,seasonal bouquet,todo,todo,todo
106,2026-09-16,article,Сезон,цветы в феврале нячанг,Какие цветы дарить в феврале в Нячанге,kakie-cvety-darit-v-fevrale-v-nyachange,seasonal bouquet,todo,todo,todo
107,2026-09-17,article,Сезон,цветы в марте нячанг,Какие цветы дарить в марте в Нячанге,kakie-cvety-darit-v-marte-v-nyachange,seasonal bouquet,todo,todo,todo
108,2026-09-18,article,Сезон,цветы в апреле нячанг,Какие цветы дарить в апреле в Нячанге,kakie-cvety-darit-v-aprele-v-nyachange,seasonal bouquet,todo,todo,todo
109,2026-09-19,article,Сезон,цветы в мае нячанг,Какие цветы дарить в мае в Нячанге,kakie-cvety-darit-v-mae-v-nyachange,seasonal bouquet,todo,todo,todo
110,2026-09-20,article,Сезон,цветы в июне нячанг,Какие цветы дарить в июне в Нячанге,kakie-cvety-darit-v-iyune-v-nyachange,seasonal bouquet,todo,todo,todo
111,2026-09-21,article,Сезон,цветы в июле нячанг,Какие цветы дарить в июле в Нячанге,kakie-cvety-darit-v-iyule-v-nyachange,seasonal bouquet,todo,todo,todo
112,2026-09-22,article,Сезон,цветы в августе нячанг,Какие цветы дарить в августе в Нячанге,kakie-cvety-darit-v-avguste-v-nyachange,seasonal bouquet,todo,todo,todo
113,2026-09-23,article,Сезон,цветы в сентябре нячанг,Какие цветы дарить в сентябре в Нячанге,kakie-cvety-darit-v-sentyabre-v-nyachange,seasonal bouquet,todo,todo,todo
114,2026-09-24,article,Сезон,цветы в октябре нячанг,Какие цветы дарить в октябре в Нячанге,kakie-cvety-darit-v-oktyabre-v-nyachange,seasonal bouquet,todo,todo,todo
115,2026-09-25,article,Сезон,цветы в ноябре нячанг,Какие цветы дарить в ноябре в Нячанге,kakie-cvety-darit-v-noyabre-v-nyachange,seasonal bouquet,todo,todo,todo
116,2026-09-26,article,Сезон,цветы в декабре нячанг,Какие цветы дарить в декабре в Нячанге,kakie-cvety-darit-v-dekabre-v-nyachange,seasonal bouquet,todo,todo,todo
117,2026-09-27,article,Комбо,букет из роз на день рождения,Букет из роз на день рождения: идеи и доставка в Нячанге,buket-iz-roz-na-den-rozhdeniya-idei-i-dostavka-v-nyachange,roses birthday bouquet,todo,todo,todo
118,2026-09-28,article,Комбо,букет из пионов на день рождения,Букет из пионов на день рождения: идеи и доставка в Нячанге,buket-iz-pionov-na-den-rozhdeniya-idei-i-dostavka-v-nyachange,peonies birthday bouquet,todo,todo,todo
119,2026-09-29,article,Комбо,букет из тюльпанов на день рождения,Букет из тюльпанов на день рождения: идеи и доставка в Нячанге,buket-iz-tyulpanov-na-den-rozhdeniya-idei-i-dostavka-v-nyachange,tulips birthday bouquet,todo,todo,todo
120,2026-09-30,article,Комбо,букет из орхидей на день рождения,Букет из орхидей на день рождения: идеи и доставка в Нячанге,buket-iz-orhidey-na-den-rozhdeniya-idei-i-dostavka-v-nyachange,orchids birthday bouquet,todo,todo,todo
121,2026-10-01,article,Комбо,букет из лилий на день рождения,Букет из лилий на день рождения: идеи и доставка в Нячанге,buket-iz-liliy-na-den-rozhdeniya-idei-i-dostavka-v-nyachange,lilies birthday bouquet,todo,todo,todo
122,2026-10-02,article,Комбо,букет из гербер на день рождения,Букет из гербер на день рождения: идеи и доставка в Нячанге,buket-iz-gerber-na-den-rozhdeniya-idei-i-dostavka-v-nyachange,gerbera birthday bouquet,todo,todo,todo
123,2026-10-03,article,Комбо,букет из хризантем на день рождения,Букет из хризантем на день рождения: идеи и доставка в Нячанге,buket-iz-hrizantem-na-den-rozhdeniya-idei-i-dostavka-v-nyachange,chrysanthemums birthday bouquet,todo,todo,todo
124,2026-10-04,article,Комбо,букет микс на день рождения,Букет микс на день рождения: идеи и доставка в Нячанге,buket-miks-na-den-rozhdeniya-idei-i-dostavka-v-nyachange,mixed bouquet birthday bouquet,todo,todo,todo
125,2026-10-05,article,Комбо,букет из роз на годовщину,Букет из роз на годовщину: идеи и доставка в Нячанге,buket-iz-roz-na-godovschinu-idei-i-dostavka-v-nyachange,roses anniversary bouquet,todo,todo,todo
126,2026-10-06,article,Комбо,букет из пионов на годовщину,Букет из пионов на годовщину: идеи и доставка в Нячанге,buket-iz-pionov-na-godovschinu-idei-i-dostavka-v-nyachange,peonies anniversary bouquet,todo,todo,todo
127,2026-10-07,article,Комбо,букет из тюльпанов на годовщину,Букет из тюльпанов на годовщину: идеи и доставка в Нячанге,buket-iz-tyulpanov-na-godovschinu-idei-i-dostavka-v-nyachange,tulips anniversary bouquet,todo,todo,todo
128,2026-10-08,article,Комбо,букет из орхидей на годовщину,Букет из орхидей на годовщину: идеи и доставка в Нячанге,buket-iz-orhidey-na-godovschinu-idei-i-dostavka-v-nyachange,orchids anniversary bouquet,todo,todo,todo
129,2026-10-09,article,Комбо,букет из лилий на годовщину,Букет из лилий на годовщину: идеи и доставка в Нячанге,buket-iz-liliy-na-godovschinu-idei-i-dostavka-v-nyachange,lilies anniversary bouquet,todo,todo,todo
130,2026-10-10,article,Комбо,букет из гербер на годовщину,Букет из гербер на годовщину: идеи и доставка в Нячанге,buket-iz-gerber-na-godovschinu-idei-i-dostavka-v-nyachange,gerbera anniversary bouquet,todo,todo,todo
131,2026-10-11,article,Комбо,букет из хризантем на годовщину,Букет из хризантем на годовщину: идеи и доставка в Нячанге,buket-iz-hrizantem-na-godovschinu-idei-i-dostavka-v-nyachange,chrysanthemums anniversary bouquet,todo,todo,todo
132,2026-10-12,article,Комбо,букет микс на годовщину,Букет микс на годовщину: идеи и доставка в Нячанге,buket-miks-na-godovschinu-idei-i-dostavka-v-nyachange,mixed bouquet anniversary bouquet,todo,todo,todo
133,2026-10-13,article,Комбо,букет из роз на 8 марта,Букет из роз на 8 марта: идеи и доставка в Нячанге,buket-iz-roz-na-8-marta-idei-i-dostavka-v-nyachange,roses spring bouquet,todo,todo,todo
134,2026-10-14,article,Комбо,букет из пионов на 8 марта,Букет из пионов на 8 марта: идеи и доставка в Нячанге,buket-iz-pionov-na-8-marta-idei-i-dostavka-v-nyachange,peonies spring bouquet,todo,todo,todo
135,2026-10-15,article,Комбо,букет из тюльпанов на 8 марта,Букет из тюльпанов на 8 марта: идеи и доставка в Нячанге,buket-iz-tyulpanov-na-8-marta-idei-i-dostavka-v-nyachange,tulips spring bouquet,todo,todo,todo
136,2026-10-16,article,Комбо,букет из орхидей на 8 марта,Букет из орхидей на 8 марта: идеи и доставка в Нячанге,buket-iz-orhidey-na-8-marta-idei-i-dostavka-v-nyachange,orchids spring bouquet,todo,todo,todo
137,2026-10-17,article,Комбо,букет из лилий на 8 марта,Букет из лилий на 8 марта: идеи и доставка в Нячанге,buket-iz-liliy-na-8-marta-idei-i-dostavka-v-nyachange,lilies spring bouquet,todo,todo,todo
138,2026-10-18,article,Комбо,букет из гербер на 8 марта,Букет из гербер на 8 марта: идеи и доставка в Нячанге,buket-iz-gerber-na-8-marta-idei-i-dostavka-v-nyachange,gerbera spring bouquet,todo,todo,todo
139,2026-10-19,article,Комбо,букет из хризантем на 8 марта,Букет из хризантем на 8 марта: идеи и доставка в Нячанге,buket-iz-hrizantem-na-8-marta-idei-i-dostavka-v-nyachange,chrysanthemums spring bouquet,todo,todo,todo
140,2026-10-20,article,Комбо,букет микс на 8 марта,Букет микс на 8 марта: идеи и доставка в Нячанге,buket-miks-na-8-marta-idei-i-dostavka-v-nyachange,mixed bouquet spring bouquet,todo,todo,todo
141,2026-10-21,article,Комбо,букет из роз на свидание,Букет из роз на свидание: идеи и доставка в Нячанге,buket-iz-roz-na-svidanie-idei-i-dostavka-v-nyachange,roses romantic bouquet,todo,todo,todo
142,2026-10-22,article,Комбо,букет из пионов на свидание,Букет из пионов на свидание: идеи и доставка в Нячанге,buket-iz-pionov-na-svidanie-idei-i-dostavka-v-nyachange,peonies romantic bouquet,todo,todo,todo
143,2026-10-23,article,Комбо,букет из тюльпанов на свидание,Букет из тюльпанов на свидание: идеи и доставка в Нячанге,buket-iz-tyulpanov-na-svidanie-idei-i-dostavka-v-nyachange,tulips romantic bouquet,todo,todo,todo
144,2026-10-24,article,Комбо,букет из орхидей на свидание,Букет из орхидей на свидание: идеи и доставка в Нячанге,buket-iz-orhidey-na-svidanie-idei-i-dostavka-v-nyachange,orchids romantic bouquet,todo,todo,todo
145,2026-10-25,article,Комбо,букет из лилий на свидание,Букет из лилий на свидание: идеи и доставка в Нячанге,buket-iz-liliy-na-svidanie-idei-i-dostavka-v-nyachange,lilies romantic bouquet,todo,todo,todo
146,2026-10-26,article,Комбо,букет из гербер на свидание,Букет из гербер на свидание: идеи и доставка в Нячанге,buket-iz-gerber-na-svidanie-idei-i-dostavka-v-nyachange,gerbera romantic bouquet,todo,todo,todo
147,2026-10-27,article,Комбо,букет из хризантем на свидание,Букет из хризантем на свидание: идеи и доставка в Нячанге,buket-iz-hrizantem-na-svidanie-idei-i-dostavka-v-nyachange,chrysanthemums romantic bouquet,todo,todo,todo
148,2026-10-28,article,Комбо,букет микс на свидание,Букет микс на свидание: идеи и доставка в Нячанге,buket-miks-na-svidanie-idei-i-dostavka-v-nyachange,mixed bouquet romantic bouquet,todo,todo,todo
149,2026-10-29,article,Комбо,букет из роз на извинение,Букет из роз на извинение: идеи и доставка в Нячанге,buket-iz-roz-na-izvinenie-idei-i-dostavka-v-nyachange,roses apology bouquet,todo,todo,todo
150,2026-10-30,article,Комбо,букет из пионов на извинение,Букет из пионов на извинение: идеи и доставка в Нячанге,buket-iz-pionov-na-izvinenie-idei-i-dostavka-v-nyachange,peonies apology bouquet,todo,todo,todo
151,2026-10-31,article,Комбо,букет из тюльпанов на извинение,Букет из тюльпанов на извинение: идеи и доставка в Нячанге,buket-iz-tyulpanov-na-izvinenie-idei-i-dostavka-v-nyachange,tulips apology bouquet,todo,todo,todo
152,2026-11-01,article,Комбо,букет из орхидей на извинение,Букет из орхидей на извинение: идеи и доставка в Нячанге,buket-iz-orhidey-na-izvinenie-idei-i-dostavka-v-nyachange,orchids apology bouquet,todo,todo,todo
153,2026-11-02,article,Комбо,букет из лилий на извинение,Букет из лилий на извинение: идеи и доставка в Нячанге,buket-iz-liliy-na-izvinenie-idei-i-dostavka-v-nyachange,lilies apology bouquet,todo,todo,todo
154,2026-11-03,article,Комбо,букет из гербер на извинение,Букет из гербер на извинение: идеи и доставка в Нячанге,buket-iz-gerber-na-izvinenie-idei-i-dostavka-v-nyachange,gerbera apology bouquet,todo,todo,todo
155,2026-11-04,article,Комбо,букет из хризантем на извинение,Букет из хризантем на извинение: идеи и доставка в Нячанге,buket-iz-hrizantem-na-izvinenie-idei-i-dostavka-v-nyachange,chrysanthemums apology bouquet,todo,todo,todo
156,2026-11-05,article,Комбо,букет микс на извинение,Букет микс на извинение: идеи и доставка в Нячанге,buket-miks-na-izvinenie-idei-i-dostavka-v-nyachange,mixed bouquet apology bouquet,todo,todo,todo
157,2026-11-06,article,Комбо,букет из роз на признание,Букет из роз на признание: идеи и доставка в Нячанге,buket-iz-roz-na-priznanie-idei-i-dostavka-v-nyachange,roses love bouquet,todo,todo,todo
158,2026-11-07,article,Комбо,букет из пионов на признание,Букет из пионов на признание: идеи и доставка в Нячанге,buket-iz-pionov-na-priznanie-idei-i-dostavka-v-nyachange,peonies love bouquet,todo,todo,todo
159,2026-11-08,article,Комбо,букет из тюльпанов на признание,Букет из тюльпанов на признание: идеи и доставка в Нячанге,buket-iz-tyulpanov-na-priznanie-idei-i-dostavka-v-nyachange,tulips love bouquet,todo,todo,todo
160,2026-11-09,article,Комбо,букет из орхидей на признание,Букет из орхидей на признание: идеи и доставка в Нячанге,buket-iz-orhidey-na-priznanie-idei-i-dostavka-v-nyachange,orchids love bouquet,todo,todo,todo
161,2026-11-10,article,Комбо,букет из лилий на признание,Букет из лилий на признание: идеи и доставка в Нячанге,buket-iz-liliy-na-priznanie-idei-i-dostavka-v-nyachange,lilies love bouquet,todo,todo,todo
162,2026-11-11,article,Комбо,букет из гербер на признание,Букет из гербер на признание: идеи и доставка в Нячанге,buket-iz-gerber-na-priznanie-idei-i-dostavka-v-nyachange,gerbera love bouquet,todo,todo,todo
163,2026-11-12,article,Комбо,букет из хризантем на признание,Букет из хризантем на признание: идеи и доставка в Нячанге,buket-iz-hrizantem-na-priznanie-idei-i-dostavka-v-nyachange,chrysanthemums love bouquet,todo,todo,todo
164,2026-11-13,article,Комбо,букет микс на признание,Букет микс на признание: идеи и доставка в Нячанге,buket-miks-na-priznanie-idei-i-dostavka-v-nyachange,mixed bouquet love bouquet,todo,todo,todo
165,2026-11-14,article,Комбо,букет из роз на юбилей,Букет из роз на юбилей: идеи и доставка в Нячанге,buket-iz-roz-na-yubiley-idei-i-dostavka-v-nyachange,roses celebration bouquet,todo,todo,todo
166,2026-11-15,article,Комбо,букет из пионов на юбилей,Букет из пионов на юбилей: идеи и доставка в Нячанге,buket-iz-pionov-na-yubiley-idei-i-dostavka-v-nyachange,peonies celebration bouquet,todo,todo,todo
167,2026-11-16,article,Комбо,букет из тюльпанов на юбилей,Букет из тюльпанов на юбилей: идеи и доставка в Нячанге,buket-iz-tyulpanov-na-yubiley-idei-i-dostavka-v-nyachange,tulips celebration bouquet,todo,todo,todo
168,2026-11-17,article,Комбо,букет из орхидей на юбилей,Букет из орхидей на юбилей: идеи и доставка в Нячанге,buket-iz-orhidey-na-yubiley-idei-i-dostavka-v-nyachange,orchids celebration bouquet,todo,todo,todo
169,2026-11-18,article,Комбо,букет из лилий на юбилей,Букет из лилий на юбилей: идеи и доставка в Нячанге,buket-iz-liliy-na-yubiley-idei-i-dostavka-v-nyachange,lilies celebration bouquet,todo,todo,todo
170,2026-11-19,article,Комбо,букет из гербер на юбилей,Букет из гербер на юбилей: идеи и доставка в Нячанге,buket-iz-gerber-na-yubiley-idei-i-dostavka-v-nyachange,gerbera celebration bouquet,todo,todo,todo
171,2026-11-20,article,Комбо,букет из хризантем на юбилей,Букет из хризантем на юбилей: идеи и доставка в Нячанге,buket-iz-hrizantem-na-yubiley-idei-i-dostavka-v-nyachange,chrysanthemums celebration bouquet,todo,todo,todo
172,2026-11-21,article,Комбо,букет микс на юбилей,Букет микс на юбилей: идеи и доставка в Нячанге,buket-miks-na-yubiley-idei-i-dostavka-v-nyachange,mixed bouquet celebration bouquet,todo,todo,todo
173,2026-11-22,article,Комбо,букет из роз на свадьбу,Букет из роз на свадьбу: идеи и доставка в Нячанге,buket-iz-roz-na-svadbu-idei-i-dostavka-v-nyachange,roses wedding bouquet,todo,todo,todo
174,2026-11-23,article,Комбо,букет из пионов на свадьбу,Букет из пионов на свадьбу: идеи и доставка в Нячанге,buket-iz-pionov-na-svadbu-idei-i-dostavka-v-nyachange,peonies wedding bouquet,todo,todo,todo
175,2026-11-24,article,Комбо,букет из тюльпанов на свадьбу,Букет из тюльпанов на свадьбу: идеи и доставка в Нячанге,buket-iz-tyulpanov-na-svadbu-idei-i-dostavka-v-nyachange,tulips wedding bouquet,todo,todo,todo
176,2026-11-25,article,Комбо,букет из орхидей на свадьбу,Букет из орхидей на свадьбу: идеи и доставка в Нячанге,buket-iz-orhidey-na-svadbu-idei-i-dostavka-v-nyachange,orchids wedding bouquet,todo,todo,todo
177,2026-11-26,article,Комбо,букет из лилий на свадьбу,Букет из лилий на свадьбу: идеи и доставка в Нячанге,buket-iz-liliy-na-svadbu-idei-i-dostavka-v-nyachange,lilies wedding bouquet,todo,todo,todo
178,2026-11-27,article,Комбо,букет из гербер на свадьбу,Букет из гербер на свадьбу: идеи и доставка в Нячанге,buket-iz-gerber-na-svadbu-idei-i-dostavka-v-nyachange,gerbera wedding bouquet,todo,todo,todo
179,2026-11-28,article,Комбо,букет из хризантем на свадьбу,Букет из хризантем на свадьбу: идеи и доставка в Нячанге,buket-iz-hrizantem-na-svadbu-idei-i-dostavka-v-nyachange,chrysanthemums wedding bouquet,todo,todo,todo
180,2026-11-29,article,Комбо,букет микс на свадьбу,Букет микс на свадьбу: идеи и доставка в Нячанге,buket-miks-na-svadbu-idei-i-dostavka-v-nyachange,mixed bouquet wedding bouquet,todo,todo,todo
181,2026-11-30,article,Связка,что подарить жене на день рождения,Что подарить жене на день рождения в Нячанге: цветы и идеи,chto-podarit-zhene-na-den-rozhdeniya-v-nyachange-cvety-i-idei,wife birthday flowers,todo,todo,todo
182,2026-12-01,article,Связка,что подарить жене на годовщину,Что подарить жене на годовщину в Нячанге: цветы и идеи,chto-podarit-zhene-na-godovschinu-v-nyachange-cvety-i-idei,wife anniversary flowers,todo,todo,todo
183,2026-12-02,article,Связка,что подарить жене на 8 марта,Что подарить жене на 8 марта в Нячанге: цветы и идеи,chto-podarit-zhene-na-8-marta-v-nyachange-cvety-i-idei,wife spring flowers,todo,todo,todo
184,2026-12-03,article,Связка,что подарить жене на юбилей,Что подарить жене на юбилей в Нячанге: цветы и идеи,chto-podarit-zhene-na-yubiley-v-nyachange-cvety-i-idei,wife celebration flowers,todo,todo,todo
185,2026-12-04,article,Связка,что подарить жене без повода,Что подарить жене без повода в Нячанге: цветы и идеи,chto-podarit-zhene-bez-povoda-v-nyachange-cvety-i-idei,wife surprise flowers,todo,todo,todo
186,2026-12-05,article,Связка,что подарить девушке на день рождения,Что подарить девушке на день рождения в Нячанге: цветы и идеи,chto-podarit-devushke-na-den-rozhdeniya-v-nyachange-cvety-i-idei,girlfriend birthday flowers,todo,todo,todo
187,2026-12-06,article,Связка,что подарить девушке на годовщину,Что подарить девушке на годовщину в Нячанге: цветы и идеи,chto-podarit-devushke-na-godovschinu-v-nyachange-cvety-i-idei,girlfriend anniversary flowers,todo,todo,todo
188,2026-12-07,article,Связка,что подарить девушке на 8 марта,Что подарить девушке на 8 марта в Нячанге: цветы и идеи,chto-podarit-devushke-na-8-marta-v-nyachange-cvety-i-idei,girlfriend spring flowers,todo,todo,todo
189,2026-12-08,article,Связка,что подарить девушке на юбилей,Что подарить девушке на юбилей в Нячанге: цветы и идеи,chto-podarit-devushke-na-yubiley-v-nyachange-cvety-i-idei,girlfriend celebration flowers,todo,todo,todo
190,2026-12-09,article,Связка,что подарить девушке без повода,Что подарить девушке без повода в Нячанге: цветы и идеи,chto-podarit-devushke-bez-povoda-v-nyachange-cvety-i-idei,girlfriend surprise flowers,todo,todo,todo
191,2026-12-10,article,Связка,что подарить маме на день рождения,Что подарить маме на день рождения в Нячанге: цветы и идеи,chto-podarit-mame-na-den-rozhdeniya-v-nyachange-cvety-i-idei,mom birthday flowers,todo,todo,todo
192,2026-12-11,article,Связка,что подарить маме на годовщину,Что подарить маме на годовщину в Нячанге: цветы и идеи,chto-podarit-mame-na-godovschinu-v-nyachange-cvety-i-idei,mom anniversary flowers,todo,todo,todo
193,2026-12-12,article,Связка,что подарить маме на 8 марта,Что подарить маме на 8 марта в Нячанге: цветы и идеи,chto-podarit-mame-na-8-marta-v-nyachange-cvety-i-idei,mom spring flowers,todo,todo,todo
194,2026-12-13,article,Связка,что подарить маме на юбилей,Что подарить маме на юбилей в Нячанге: цветы и идеи,chto-podarit-mame-na-yubiley-v-nyachange-cvety-i-idei,mom celebration flowers,todo,todo,todo
195,2026-12-14,article,Связка,что подарить маме без повода,Что подарить маме без повода в Нячанге: цветы и идеи,chto-podarit-mame-bez-povoda-v-nyachange-cvety-i-idei,mom surprise flowers,todo,todo,todo
196,2026-12-15,article,Связка,что подарить подруге на день рождения,Что подарить подруге на день рождения в Нячанге: цветы и идеи,chto-podarit-podruge-na-den-rozhdeniya-v-nyachange-cvety-i-idei,friend birthday flowers,todo,todo,todo
197,2026-12-16,article,Связка,что подарить подруге на годовщину,Что подарить подруге на годовщину в Нячанге: цветы и идеи,chto-podarit-podruge-na-godovschinu-v-nyachange-cvety-i-idei,friend anniversary flowers,todo,todo,todo
198,2026-12-17,article,Связка,что подарить подруге на 8 марта,Что подарить подруге на 8 марта в Нячанге: цветы и идеи,chto-podarit-podruge-na-8-marta-v-nyachange-cvety-i-idei,friend spring flowers,todo,todo,todo
199,2026-12-18,article,Связка,что подарить подруге на юбилей,Что подарить подруге на юбилей в Нячанге: цветы и идеи,chto-podarit-podruge-na-yubiley-v-nyachange-cvety-i-idei,friend celebration flowers,todo,todo,todo
200,2026-12-19,article,Связка,что подарить подруге без повода,Что подарить подруге без повода в Нячанге: цветы и идеи,chto-podarit-podruge-bez-povoda-v-nyachange-cvety-i-idei,friend surprise flowers,todo,todo,todo
201,2026-12-20,article,Связка,что подарить коллеге на день рождения,Что подарить коллеге на день рождения в Нячанге: цветы и идеи,chto-podarit-kollege-na-den-rozhdeniya-v-nyachange-cvety-i-idei,colleague birthday flowers,todo,todo,todo
202,2026-12-21,article,Связка,что подарить коллеге на годовщину,Что подарить коллеге на годовщину в Нячанге: цветы и идеи,chto-podarit-kollege-na-godovschinu-v-nyachange-cvety-i-idei,colleague anniversary flowers,todo,todo,todo
203,2026-12-22,article,Связка,что подарить коллеге на 8 марта,Что подарить коллеге на 8 марта в Нячанге: цветы и идеи,chto-podarit-kollege-na-8-marta-v-nyachange-cvety-i-idei,colleague spring flowers,todo,todo,todo
204,2026-12-23,article,Связка,что подарить коллеге на юбилей,Что подарить коллеге на юбилей в Нячанге: цветы и идеи,chto-podarit-kollege-na-yubiley-v-nyachange-cvety-i-idei,colleague celebration flowers,todo,todo,todo
205,2026-12-24,article,Связка,что подарить коллеге без повода,Что подарить коллеге без повода в Нячанге: цветы и идеи,chto-podarit-kollege-bez-povoda-v-nyachange-cvety-i-idei,colleague surprise flowers,todo,todo,todo
206,2026-12-25,article,Связка,что подарить сестре на день рождения,Что подарить сестре на день рождения в Нячанге: цветы и идеи,chto-podarit-sestre-na-den-rozhdeniya-v-nyachange-cvety-i-idei,sister birthday flowers,todo,todo,todo
207,2026-12-26,article,Связка,что подарить сестре на годовщину,Что подарить сестре на годовщину в Нячанге: цветы и идеи,chto-podarit-sestre-na-godovschinu-v-nyachange-cvety-i-idei,sister anniversary flowers,todo,todo,todo
208,2026-12-27,article,Связка,что подарить сестре на 8 марта,Что подарить сестре на 8 марта в Нячанге: цветы и идеи,chto-podarit-sestre-na-8-marta-v-nyachange-cvety-i-idei,sister spring flowers,todo,todo,todo
209,2026-12-28,article,Связка,что подарить сестре на юбилей,Что подарить сестре на юбилей в Нячанге: цветы и идеи,chto-podarit-sestre-na-yubiley-v-nyachange-cvety-i-idei,sister celebration flowers,todo,todo,todo
210,2026-12-29,article,Связка,что подарить сестре без повода,Что подарить сестре без повода в Нячанге: цветы и идеи,chto-podarit-sestre-bez-povoda-v-nyachange-cvety-i-idei,sister surprise flowers,todo,todo,todo
211,2026-12-30,article,Связка,что подарить любимой на день рождения,Что подарить любимой на день рождения в Нячанге: цветы и идеи,chto-podarit-lyubimoy-na-den-rozhdeniya-v-nyachange-cvety-i-idei,beloved birthday flowers,todo,todo,todo
212,2026-12-31,article,Связка,что подарить любимой на годовщину,Что подарить любимой на годовщину в Нячанге: цветы и идеи,chto-podarit-lyubimoy-na-godovschinu-v-nyachange-cvety-i-idei,beloved anniversary flowers,todo,todo,todo
213,2027-01-01,article,Связка,что подарить любимой на 8 марта,Что подарить любимой на 8 марта в Нячанге: цветы и идеи,chto-podarit-lyubimoy-na-8-marta-v-nyachange-cvety-i-idei,beloved spring flowers,todo,todo,todo
214,2027-01-02,article,Связка,что подарить любимой на юбилей,Что подарить любимой на юбилей в Нячанге: цветы и идеи,chto-podarit-lyubimoy-na-yubiley-v-nyachange-cvety-i-idei,beloved celebration flowers,todo,todo,todo
215,2027-01-03,article,Связка,что подарить любимой без повода,Что подарить любимой без повода в Нячанге: цветы и идеи,chto-podarit-lyubimoy-bez-povoda-v-nyachange-cvety-i-idei,beloved surprise flowers,todo,todo,todo
216,2027-01-04,article,Отель,доставка цветов Muong Thanh,Доставка цветов в отель Muong Thanh (Нячанг / Камрань),dostavka-cvetov-v-otel-muong-thanh-nyachang-kamran,hotel flowers luxury,todo,todo,todo
217,2027-01-05,article,Отель,доставка цветов Sheraton,Доставка цветов в отель Sheraton (Нячанг / Камрань),dostavka-cvetov-v-otel-sheraton-nyachang-kamran,hotel flowers luxury,todo,todo,todo
218,2027-01-06,article,Отель,доставка цветов InterContinental,Доставка цветов в отель InterContinental (Нячанг / Камрань),dostavka-cvetov-v-otel-intercontinental-nyachang-kamran,hotel flowers luxury,todo,todo,todo
219,2027-01-07,article,Отель,доставка цветов Novotel,Доставка цветов в отель Novotel (Нячанг / Камрань),dostavka-cvetov-v-otel-novotel-nyachang-kamran,hotel flowers luxury,todo,todo,todo
220,2027-01-08,article,Отель,доставка цветов Mercure,Доставка цветов в отель Mercure (Нячанг / Камрань),dostavka-cvetov-v-otel-mercure-nyachang-kamran,hotel flowers luxury,todo,todo,todo
221,2027-01-09,article,Отель,доставка цветов Sunrise,Доставка цветов в отель Sunrise (Нячанг / Камрань),dostavka-cvetov-v-otel-sunrise-nyachang-kamran,hotel flowers luxury,todo,todo,todo
222,2027-01-10,article,Отель,доставка цветов Havana,Доставка цветов в отель Havana (Нячанг / Камрань),dostavka-cvetov-v-otel-havana-nyachang-kamran,hotel flowers luxury,todo,todo,todo
223,2027-01-11,article,Отель,доставка цветов Diamond Bay,Доставка цветов в отель Diamond Bay (Нячанг / Камрань),dostavka-cvetov-v-otel-diamond-bay-nyachang-kamran,hotel flowers luxury,todo,todo,todo
224,2027-01-12,article,Отель,доставка цветов Liberty Central,Доставка цветов в отель Liberty Central (Нячанг / Камрань),dostavka-cvetov-v-otel-liberty-central-nyachang-kamran,hotel flowers luxury,todo,todo,todo
225,2027-01-13,article,Отель,доставка цветов Premier Havana,Доставка цветов в отель Premier Havana (Нячанг / Камрань),dostavka-cvetov-v-otel-premier-havana-nyachang-kamran,hotel flowers luxury,todo,todo,todo
226,2027-01-14,article,Отель,доставка цветов Galina,Доставка цветов в отель Galina (Нячанг / Камрань),dostavka-cvetov-v-otel-galina-nyachang-kamran,hotel flowers luxury,todo,todo,todo
227,2027-01-15,article,Отель,доставка цветов Ariyana,Доставка цветов в отель Ariyana (Нячанг / Камрань),dostavka-cvetov-v-otel-ariyana-nyachang-kamran,hotel flowers luxury,todo,todo,todo
228,2027-01-16,article,Отель,доставка цветов Potique,Доставка цветов в отель Potique (Нячанг / Камрань),dostavka-cvetov-v-otel-potique-nyachang-kamran,hotel flowers luxury,todo,todo,todo
229,2027-01-17,article,Отель,доставка цветов Selectum Noa,Доставка цветов в отель Selectum Noa (Нячанг / Камрань),dostavka-cvetov-v-otel-selectum-noa-nyachang-kamran,hotel flowers luxury,todo,todo,todo
230,2027-01-18,article,Отель,доставка цветов Movenpick,Доставка цветов в отель Movenpick (Нячанг / Камрань),dostavka-cvetov-v-otel-movenpick-nyachang-kamran,hotel flowers luxury,todo,todo,todo
231,2027-01-19,article,Отель,доставка цветов Radisson Blu,Доставка цветов в отель Radisson Blu (Нячанг / Камрань),dostavka-cvetov-v-otel-radisson-blu-nyachang-kamran,hotel flowers luxury,todo,todo,todo
232,2027-01-20,article,Отель,доставка цветов Alma Resort,Доставка цветов в отель Alma Resort (Нячанг / Камрань),dostavka-cvetov-v-otel-alma-resort-nyachang-kamran,hotel flowers luxury,todo,todo,todo
233,2027-01-21,article,Отель,доставка цветов The Anam,Доставка цветов в отель The Anam (Нячанг / Камрань),dostavka-cvetov-v-otel-the-anam-nyachang-kamran,hotel flowers luxury,todo,todo,todo
234,2027-01-22,article,Отель,доставка цветов Fusion Resort,Доставка цветов в отель Fusion Resort (Нячанг / Камрань),dostavka-cvetov-v-otel-fusion-resort-nyachang-kamran,hotel flowers luxury,todo,todo,todo
235,2027-01-23,article,Отель,доставка цветов Duyen Ha,Доставка цветов в отель Duyen Ha (Нячанг / Камрань),dostavka-cvetov-v-otel-duyen-ha-nyachang-kamran,hotel flowers luxury,todo,todo,todo
236,2027-01-24,article,Связка,розы жене,Розы жене: когда уместно и как заказать в Нячанге,rozy-zhene-kogda-umestno-i-kak-zakazat-v-nyachange,roses for wife,todo,todo,todo
237,2027-01-25,article,Связка,розы маме,Розы маме: когда уместно и как заказать в Нячанге,rozy-mame-kogda-umestno-i-kak-zakazat-v-nyachange,roses for mom,todo,todo,todo
238,2027-01-26,article,Связка,розы девушке,Розы девушке: когда уместно и как заказать в Нячанге,rozy-devushke-kogda-umestno-i-kak-zakazat-v-nyachange,roses for girlfriend,todo,todo,todo
239,2027-01-27,article,Связка,розы коллеге,Розы коллеге: когда уместно и как заказать в Нячанге,rozy-kollege-kogda-umestno-i-kak-zakazat-v-nyachange,roses for colleague,todo,todo,todo
240,2027-01-28,article,Связка,пионы жене,Пионы жене: когда уместно и как заказать в Нячанге,piony-zhene-kogda-umestno-i-kak-zakazat-v-nyachange,peonies for wife,todo,todo,todo
241,2027-01-29,article,Связка,пионы маме,Пионы маме: когда уместно и как заказать в Нячанге,piony-mame-kogda-umestno-i-kak-zakazat-v-nyachange,peonies for mom,todo,todo,todo
242,2027-01-30,article,Связка,пионы девушке,Пионы девушке: когда уместно и как заказать в Нячанге,piony-devushke-kogda-umestno-i-kak-zakazat-v-nyachange,peonies for girlfriend,todo,todo,todo
243,2027-01-31,article,Связка,пионы коллеге,Пионы коллеге: когда уместно и как заказать в Нячанге,piony-kollege-kogda-umestno-i-kak-zakazat-v-nyachange,peonies for colleague,todo,todo,todo
244,2027-02-01,article,Связка,тюльпаны жене,Тюльпаны жене: когда уместно и как заказать в Нячанге,tyulpany-zhene-kogda-umestno-i-kak-zakazat-v-nyachange,tulips for wife,todo,todo,todo
245,2027-02-02,article,Связка,тюльпаны маме,Тюльпаны маме: когда уместно и как заказать в Нячанге,tyulpany-mame-kogda-umestno-i-kak-zakazat-v-nyachange,tulips for mom,todo,todo,todo
246,2027-02-03,article,Связка,тюльпаны девушке,Тюльпаны девушке: когда уместно и как заказать в Нячанге,tyulpany-devushke-kogda-umestno-i-kak-zakazat-v-nyachange,tulips for girlfriend,todo,todo,todo
247,2027-02-04,article,Связка,тюльпаны коллеге,Тюльпаны коллеге: когда уместно и как заказать в Нячанге,tyulpany-kollege-kogda-umestno-i-kak-zakazat-v-nyachange,tulips for colleague,todo,todo,todo
248,2027-02-05,article,Связка,орхидеи жене,Орхидеи жене: когда уместно и как заказать в Нячанге,orhidei-zhene-kogda-umestno-i-kak-zakazat-v-nyachange,orchids for wife,todo,todo,todo
249,2027-02-06,article,Связка,орхидеи маме,Орхидеи маме: когда уместно и как заказать в Нячанге,orhidei-mame-kogda-umestno-i-kak-zakazat-v-nyachange,orchids for mom,todo,todo,todo
250,2027-02-07,article,Связка,орхидеи девушке,Орхидеи девушке: когда уместно и как заказать в Нячанге,orhidei-devushke-kogda-umestno-i-kak-zakazat-v-nyachange,orchids for girlfriend,todo,todo,todo
251,2027-02-08,article,Связка,орхидеи коллеге,Орхидеи коллеге: когда уместно и как заказать в Нячанге,orhidei-kollege-kogda-umestno-i-kak-zakazat-v-nyachange,orchids for colleague,todo,todo,todo
252,2027-02-09,article,Связка,лилии жене,Лилии жене: когда уместно и как заказать в Нячанге,lilii-zhene-kogda-umestno-i-kak-zakazat-v-nyachange,lilies for wife,todo,todo,todo
253,2027-02-10,article,Связка,лилии маме,Лилии маме: когда уместно и как заказать в Нячанге,lilii-mame-kogda-umestno-i-kak-zakazat-v-nyachange,lilies for mom,todo,todo,todo
254,2027-02-11,article,Связка,лилии девушке,Лилии девушке: когда уместно и как заказать в Нячанге,lilii-devushke-kogda-umestno-i-kak-zakazat-v-nyachange,lilies for girlfriend,todo,todo,todo
255,2027-02-12,article,Связка,лилии коллеге,Лилии коллеге: когда уместно и как заказать в Нячанге,lilii-kollege-kogda-umestno-i-kak-zakazat-v-nyachange,lilies for colleague,todo,todo,todo
256,2027-02-13,article,Связка,подсолнухи жене,Подсолнухи жене: когда уместно и как заказать в Нячанге,podsolnuhi-zhene-kogda-umestno-i-kak-zakazat-v-nyachange,sunflowers for wife,todo,todo,todo
257,2027-02-14,article,Связка,подсолнухи маме,Подсолнухи маме: когда уместно и как заказать в Нячанге,podsolnuhi-mame-kogda-umestno-i-kak-zakazat-v-nyachange,sunflowers for mom,todo,todo,todo
258,2027-02-15,article,Связка,подсолнухи девушке,Подсолнухи девушке: когда уместно и как заказать в Нячанге,podsolnuhi-devushke-kogda-umestno-i-kak-zakazat-v-nyachange,sunflowers for girlfriend,todo,todo,todo
259,2027-02-16,article,Связка,подсолнухи коллеге,Подсолнухи коллеге: когда уместно и как заказать в Нячанге,podsolnuhi-kollege-kogda-umestno-i-kak-zakazat-v-nyachange,sunflowers for colleague,todo,todo,todo
260,2027-02-17,article,Гид,сюрприз в отеле нячанг,Как сделать сюрприз туристу в отеле Нячанга,kak-sdelat-syurpriz-turistu-v-otele-nyachanga,hotel surprise,todo,todo,todo
261,2027-02-18,article,Гид,романтический ужин нячанг,Романтический ужин в Нячанге с цветами,romanticheskiy-uzhin-v-nyachange-s-cvetami,romantic dinner flowers,todo,todo,todo
262,2027-02-19,article,Гид,цветы на расстоянии,Цветы любимым на расстоянии в Нячанге,cvety-lyubimym-na-rasstoyanii-v-nyachange,long distance flowers,todo,todo,todo
263,2027-02-20,article,Гид,корзина цветов или букет,Корзина цветов vs букет: что выбрать,korzina-cvetov-vs-buket-chto-vybrat,flower basket,todo,todo,todo
264,2027-02-21,article,Гид,монобукет нячанг,Монобукет: стильный минимализм,monobuket-stilnyy-minimalizm,mono bouquet,todo,todo,todo
265,2027-02-22,article,Гид,авторский букет нячанг,Авторские букеты ручной работы в Нячанге,avtorskie-bukety-ruchnoy-raboty-v-nyachange,handmade bouquet,todo,todo,todo
266,2027-02-23,article,Гид,цветы в коробке нячанг,Цветы в шляпной коробке в Нячанге,cvety-v-shlyapnoy-korobke-v-nyachange,flowers in box,todo,todo,todo
267,2027-02-24,article,Гид,сухоцветы стабилизированные,Сухоцветы и стабилизированные цветы,suhocvety-i-stabilizirovannye-cvety,dried flowers,todo,todo,todo
268,2027-02-25,article,Гид,свадебный букет невесты,Свадебный букет невесты в Нячанге,svadebnyy-buket-nevesty-v-nyachange,bridal bouquet,todo,todo,todo
269,2027-02-26,article,Гид,цветы для фотосессии,Цветы для фотосессии в Нячанге,cvety-dlya-fotosessii-v-nyachange,flowers photoshoot,todo,todo,todo
270,2027-02-27,article,Гид,свадьба на пляже цветы,Композиции для свадьбы на пляже Нячанга,kompozicii-dlya-svadby-na-plyazhe-nyachanga,beach wedding flowers,todo,todo,todo
271,2027-02-28,article,Гид,букет комплимент,Букет-комплимент: маленький знак внимания,buket-kompliment-malenkiy-znak-vnimaniya,small bouquet,todo,todo,todo
272,2027-03-01,article,Гид,день влюблённых цветы заказ,Цветы на день влюблённых заранее,cvety-na-den-vlyublennyh-zaranee,valentine flowers,todo,todo,todo
273,2027-03-02,article,Гид,ошибки выбор букета,Топ ошибок при выборе букета,top-oshibok-pri-vybore-buketa,choosing bouquet,todo,todo,todo
274,2027-03-03,article,Гид,удивить корейскую девушку,Как удивить корейскую девушку цветами,kak-udivit-koreyskuyu-devushku-cvetami,korean girl flowers,todo,todo,todo
275,2027-03-04,article,Гид,цветы и сладости подарок,Цветы и сладости: комбо-подарки в Нячанге,cvety-i-sladosti-kombo-podarki-v-nyachange,flowers chocolate,todo,todo,todo
276,2027-03-05,article,Гид,цветы в офис нячанг,Букет на рабочий стол: цветы в офис Нячанга,buket-na-rabochiy-stol-cvety-v-ofis-nyachanga,office desk flowers,todo,todo,todo
277,2027-03-06,article,Гид,цветы на крестины,Цветы на крестины и для малыша,cvety-na-krestiny-i-dlya-malysha,baby christening flowers,todo,todo,todo
278,2027-03-07,article,Цена,цена букета роз нячанг,Сколько стоит букет роз в Нячанге,skolko-stoit-buket-roz-v-nyachange,roses price,todo,todo,todo
279,2027-03-08,article,Цена,цены доставки цветов нячанг,Доставка цветов в Нячанге: цены и тарифы,dostavka-cvetov-v-nyachange-ceny-i-tarify,delivery price flowers,todo,todo,todo
280,2027-03-09,article,Цена,дешёвые цветы нячанг,Дешёвые цветы в Нячанге без потери качества,deshevye-cvety-v-nyachange-bez-poteri-kachestva,affordable flowers,todo,todo,todo
281,2027-03-10,article,Цена,подарок до 1000 рублей цветы,Подарок до 1000 рублей: цветы в Нячанге,podarok-do-1000-rubley-cvety-v-nyachange,budget gift flowers,todo,todo,todo
282,2027-03-11,article,Шары,гелиевые шары нячанг,Гелиевые шары в Нячанге: доставка и оформление,gelievye-shary-v-nyachange-dostavka-i-oformlenie,helium balloons party,todo,todo,todo
283,2027-03-12,article,Шары,шары на день рождения нячанг,Шары на день рождения в Нячанге,shary-na-den-rozhdeniya-v-nyachange,birthday balloons,todo,todo,todo
284,2027-03-13,article,Шары,фотозона из шаров,Фотозона из шаров для праздника,fotozona-iz-sharov-dlya-prazdnika,balloon photo arch,todo,todo,todo
285,2027-03-14,article,Шары,шары цифры юбилей,Шары-цифры на юбилей,shary-cifry-na-yubiley,number balloons,todo,todo,todo
286,2027-03-15,article,Шары,букет из шаров,Букет из шаров: альтернатива цветам,buket-iz-sharov-alternativa-cvetam,balloon bouquet,todo,todo,todo
287,2027-03-16,article,Шары,шары в отель нячанг,Шары с гелием в номер отеля Нячанга,shary-s-geliem-v-nomer-otelya-nyachanga,balloons hotel room,todo,todo,todo
288,2027-03-17,article,Шары,шары на годовщину,Сюрприз с шарами на годовщину,syurpriz-s-sharami-na-godovschinu,anniversary balloons,todo,todo,todo
289,2027-03-18,article,Шары,шары и цветы нячанг,Шары и цветы вместе: комбо-подарок,shary-i-cvety-vmeste-kombo-podarok,balloons and flowers,todo,todo,todo
290,2027-03-19,article,Шары,шары гендер пати,Шары для гендер-пати в Нячанге,shary-dlya-gender-pati-v-nyachange,gender reveal balloons,todo,todo,todo
291,2027-03-20,article,Шары,светящиеся шары led,Светящиеся шары LED в Нячанге,svetyaschiesya-shary-led-v-nyachange,led balloons night,todo,todo,todo
292,2027-03-21,article,Уход,уход за розами,Как ухаживать за розами в жару Нячанга,kak-uhazhivat-za-rozami-v-zharu-nyachanga,roses care vase,todo,todo,todo
293,2027-03-22,article,Уход,уход за пионами,Как ухаживать за пионами в жару Нячанга,kak-uhazhivat-za-pionami-v-zharu-nyachanga,peonies care,todo,todo,todo
294,2027-03-23,article,Уход,уход за тюльпанами,Как ухаживать за тюльпанами в жару Нячанга,kak-uhazhivat-za-tyulpanami-v-zharu-nyachanga,tulips care,todo,todo,todo
295,2027-03-24,article,Уход,уход за орхидеями,Как ухаживать за орхидеями в жару Нячанга,kak-uhazhivat-za-orhideyami-v-zharu-nyachanga,orchids care,todo,todo,todo
296,2027-03-25,article,Уход,уход за лилиями,Как ухаживать за лилиями в жару Нячанга,kak-uhazhivat-za-liliyami-v-zharu-nyachanga,lilies care,todo,todo,todo
297,2027-03-26,article,Уход,уход за гортензиями,Как ухаживать за гортензиями в жару Нячанга,kak-uhazhivat-za-gortenziyami-v-zharu-nyachanga,hydrangea care,todo,todo,todo
298,2027-03-27,article,Уход,уход за хризантемами,Как ухаживать за хризантемами в жару Нячанга,kak-uhazhivat-za-hrizantemami-v-zharu-nyachanga,chrysanthemums care,todo,todo,todo
299,2027-03-28,article,Уход,уход за герберами,Как ухаживать за герберами в жару Нячанга,kak-uhazhivat-za-gerberami-v-zharu-nyachanga,gerbera care,todo,todo,todo
300,2027-03-29,article,Гид,1 роз значение,Что означает букет из 1 роз,chto-oznachaet-buket-iz-1-roz,red roses bunch,todo,todo,todo
301,2027-03-30,article,Гид,3 роз значение,Что означает букет из 3 роз,chto-oznachaet-buket-iz-3-roz,red roses bunch,todo,todo,todo
302,2027-03-31,article,Гид,5 роз значение,Что означает букет из 5 роз,chto-oznachaet-buket-iz-5-roz,red roses bunch,todo,todo,todo
303,2027-04-01,article,Гид,7 роз значение,Что означает букет из 7 роз,chto-oznachaet-buket-iz-7-roz,red roses bunch,todo,todo,todo
304,2027-04-02,article,Гид,9 роз значение,Что означает букет из 9 роз,chto-oznachaet-buket-iz-9-roz,red roses bunch,todo,todo,todo
305,2027-04-03,article,Гид,11 роз значение,Что означает букет из 11 роз,chto-oznachaet-buket-iz-11-roz,red roses bunch,todo,todo,todo
306,2027-04-04,article,Гид,15 роз значение,Что означает букет из 15 роз,chto-oznachaet-buket-iz-15-roz,red roses bunch,todo,todo,todo
307,2027-04-05,article,Гид,21 роз значение,Что означает букет из 21 роз,chto-oznachaet-buket-iz-21-roz,red roses bunch,todo,todo,todo
308,2027-04-06,article,Гид,25 роз значение,Что означает букет из 25 роз,chto-oznachaet-buket-iz-25-roz,red roses bunch,todo,todo,todo
309,2027-04-07,article,Гид,51 роз значение,Что означает букет из 51 роз,chto-oznachaet-buket-iz-51-roz,red roses bunch,todo,todo,todo
310,2027-04-08,article,Гид,101 роз значение,Что означает букет из 101 роз,chto-oznachaet-buket-iz-101-roz,red roses bunch,todo,todo,todo
311,2027-04-09,article,Культура,цветы корейцу день рождения,Какие цветы подарить корейцу на день рождения,kakie-cvety-podarit-koreycu-na-den-rozhdeniya,korean birthday flowers,todo,todo,todo
312,2027-04-10,article,Культура,корейская свадьба цветы,Цветы для корейской свадьбы: традиции,cvety-dlya-koreyskoy-svadby-tradicii,korean wedding flowers,todo,todo,todo
313,2027-04-11,article,Культура,coming of age day цветы,Coming of Age Day: цветы для корейцев,coming-of-age-day-cvety-dlya-koreycev,korean coming of age roses,todo,todo,todo
314,2027-04-12,article,Культура,чхусок цветы подарок,Чхусок: подарки и цветы,chhusok-podarki-i-cvety,chuseok korean holiday,todo,todo,todo
315,2027-04-13,article,Культура,соллаль цветы,Соллаль (корейский новый год) и цветы,sollal-koreyskiy-novyy-god-i-cvety,seollal korean new year,todo,todo,todo
316,2027-04-14,article,Культура,цветы корейские туристы нячанг,Цветы для корейских туристов в Нячанге,cvety-dlya-koreyskih-turistov-v-nyachange,korean tourists flowers,todo,todo,todo
317,2027-04-15,article,Культура,заказать цветы kakaotalk,Как заказать цветы через KakaoTalk,kak-zakazat-cvety-cherez-kakaotalk,ordering flowers app,todo,todo,todo
318,2027-04-16,article,Культура,розы 100 дней корея,Розы на 100/200/300 дней отношений по-корейски,rozy-na-100200300-dney-otnosheniy-po-koreyski,couple anniversary roses,todo,todo,todo
319,2027-04-17,article,Комбо,букет из подсолнухов на день рождения,Букет из подсолнухов на день рождения: идеи и доставка в Нячанге,buket-iz-podsolnuhov-na-den-rozhdeniya-idei-i-dostavka-v-nyachang,sunflowers birthday,todo,todo,todo
320,2027-04-18,article,Комбо,букет из гортензий на день рождения,Букет из гортензий на день рождения: идеи и доставка в Нячанге,buket-iz-gortenziy-na-den-rozhdeniya-idei-i-dostavka-v-nyachange,hydrangea birthday,todo,todo,todo
321,2027-04-19,article,Комбо,букет из эустомы на день рождения,Букет из эустомы на день рождения: идеи и доставка в Нячанге,buket-iz-eustomy-na-den-rozhdeniya-idei-i-dostavka-v-nyachange,eustoma birthday,todo,todo,todo
322,2027-04-20,article,Комбо,букет из ромашек на день рождения,Букет из ромашек на день рождения: идеи и доставка в Нячанге,buket-iz-romashek-na-den-rozhdeniya-idei-i-dostavka-v-nyachange,daisies birthday,todo,todo,todo
323,2027-04-21,article,Комбо,букет из калл на день рождения,Букет из калл на день рождения: идеи и доставка в Нячанге,buket-iz-kall-na-den-rozhdeniya-idei-i-dostavka-v-nyachange,calla lily birthday,todo,todo,todo
324,2027-04-22,article,Комбо,букет из подсолнухов на годовщину,Букет из подсолнухов на годовщину: идеи и доставка в Нячанге,buket-iz-podsolnuhov-na-godovschinu-idei-i-dostavka-v-nyachange,sunflowers anniversary,todo,todo,todo
325,2027-04-23,article,Комбо,букет из гортензий на годовщину,Букет из гортензий на годовщину: идеи и доставка в Нячанге,buket-iz-gortenziy-na-godovschinu-idei-i-dostavka-v-nyachange,hydrangea anniversary,todo,todo,todo
326,2027-04-24,article,Комбо,букет из эустомы на годовщину,Букет из эустомы на годовщину: идеи и доставка в Нячанге,buket-iz-eustomy-na-godovschinu-idei-i-dostavka-v-nyachange,eustoma anniversary,todo,todo,todo
327,2027-04-25,article,Комбо,букет из ромашек на годовщину,Букет из ромашек на годовщину: идеи и доставка в Нячанге,buket-iz-romashek-na-godovschinu-idei-i-dostavka-v-nyachange,daisies anniversary,todo,todo,todo
328,2027-04-26,article,Комбо,букет из калл на годовщину,Букет из калл на годовщину: идеи и доставка в Нячанге,buket-iz-kall-na-godovschinu-idei-i-dostavka-v-nyachange,calla lily anniversary,todo,todo,todo
329,2027-04-27,article,Комбо,букет из подсолнухов на свидание,Букет из подсолнухов на свидание: идеи и доставка в Нячанге,buket-iz-podsolnuhov-na-svidanie-idei-i-dostavka-v-nyachange,sunflowers romantic,todo,todo,todo
330,2027-04-28,article,Комбо,букет из гортензий на свидание,Букет из гортензий на свидание: идеи и доставка в Нячанге,buket-iz-gortenziy-na-svidanie-idei-i-dostavka-v-nyachange,hydrangea romantic,todo,todo,todo
331,2027-04-29,article,Комбо,букет из эустомы на свидание,Букет из эустомы на свидание: идеи и доставка в Нячанге,buket-iz-eustomy-na-svidanie-idei-i-dostavka-v-nyachange,eustoma romantic,todo,todo,todo
332,2027-04-30,article,Комбо,букет из ромашек на свидание,Букет из ромашек на свидание: идеи и доставка в Нячанге,buket-iz-romashek-na-svidanie-idei-i-dostavka-v-nyachange,daisies romantic,todo,todo,todo
333,2027-05-01,article,Комбо,букет из калл на свидание,Букет из калл на свидание: идеи и доставка в Нячанге,buket-iz-kall-na-svidanie-idei-i-dostavka-v-nyachange,calla lily romantic,todo,todo,todo
334,2027-05-02,article,Комбо,букет из подсолнухов на юбилей,Букет из подсолнухов на юбилей: идеи и доставка в Нячанге,buket-iz-podsolnuhov-na-yubiley-idei-i-dostavka-v-nyachange,sunflowers celebration,todo,todo,todo
335,2027-05-03,article,Комбо,букет из гортензий на юбилей,Букет из гортензий на юбилей: идеи и доставка в Нячанге,buket-iz-gortenziy-na-yubiley-idei-i-dostavka-v-nyachange,hydrangea celebration,todo,todo,todo
336,2027-05-04,article,Комбо,букет из эустомы на юбилей,Букет из эустомы на юбилей: идеи и доставка в Нячанге,buket-iz-eustomy-na-yubiley-idei-i-dostavka-v-nyachange,eustoma celebration,todo,todo,todo
337,2027-05-05,article,Комбо,букет из ромашек на юбилей,Букет из ромашек на юбилей: идеи и доставка в Нячанге,buket-iz-romashek-na-yubiley-idei-i-dostavka-v-nyachange,daisies celebration,todo,todo,todo
338,2027-05-06,article,Комбо,букет из калл на юбилей,Букет из калл на юбилей: идеи и доставка в Нячанге,buket-iz-kall-na-yubiley-idei-i-dostavka-v-nyachange,calla lily celebration,todo,todo,todo
339,2027-05-07,article,Гид,цветы по знаку зодиака,Как выбрать цветы по знаку зодиака,kak-vybrat-cvety-po-znaku-zodiaka,zodiac flowers,todo,todo,todo
340,2027-05-08,article,Гид,цветы по цвету букет,Цветы по цвету: как собрать гармоничный букет,cvety-po-cvetu-kak-sobrat-garmonichnyy-buket,color palette bouquet,todo,todo,todo
341,2027-05-09,article,Гид,альтернатива цветам подарок,Что подарить вместо цветов в Нячанге,chto-podarit-vmesto-cvetov-v-nyachange,gift alternative flowers,todo,todo,todo
342,2027-05-10,article,Гид,что написать в открытке,Открытка к букету: что написать,otkrytka-k-buketu-chto-napisat,gift card note flowers,todo,todo,todo
343,2027-05-11,article,Гид,анонимная доставка цветов,Доставка цветов анонимно в Нячанге,dostavka-cvetov-anonimno-v-nyachange,secret flowers delivery,todo,todo,todo
344,2027-05-12,article,Гид,подписка на цветы,Подписка на цветы: букет каждую неделю,podpiska-na-cvety-buket-kazhduyu-nedelyu,flower subscription weekly,todo,todo,todo
345,2027-05-13,article,Гид,цветы мужчине нячанг,Цветы на работу любимому в Нячанге,cvety-na-rabotu-lyubimomu-v-nyachange,flowers for him men,todo,todo,todo
346,2027-05-14,article,Гид,цветы в горшке подарок,Можно ли дарить цветы в горшке,mozhno-li-darit-cvety-v-gorshke,potted plant gift,todo,todo,todo
347,2027-05-15,article,Гид,стойкие цветы жара,Самые стойкие цветы для жаркого климата,samye-stoykie-cvety-dlya-zharkogo-klimata,heat resistant flowers,todo,todo,todo
348,2027-05-16,article,Гид,свежесть букета проверить,Свежесть букета: как проверить при получении,svezhest-buketa-kak-proverit-pri-poluchenii,fresh flowers check,todo,todo,todo
349,2027-05-17,article,Повод,цветы на новый год нячанг,Цветы на Новый год в Нячанге,cvety-na-novyy-god-v-nyachange,new year flowers,todo,todo,todo
350,2027-05-18,article,Повод,цветы на рождество,Цветы на Рождество для туристов,cvety-na-rozhdestvo-dlya-turistov,christmas flowers,todo,todo,todo
351,2027-05-19,article,Повод,валентинка букет для неё,Букет на день святого Валентина для неё,buket-na-den-svyatogo-valentina-dlya-nee,valentine bouquet her,todo,todo,todo
352,2027-05-20,article,Повод,валентинка букет для него,Букет на день святого Валентина для него,buket-na-den-svyatogo-valentina-dlya-nego,valentine flowers him,todo,todo,todo
353,2027-05-21,article,Повод,цветы 8 марта офис,Цветы на Международный женский день в офис,cvety-na-mezhdunarodnyy-zhenskiy-den-v-ofis,womens day office flowers,todo,todo,todo
354,2027-05-22,article,Повод,цветы маме день рождения,Цветы маме на день рождения: топ идей,cvety-mame-na-den-rozhdeniya-top-idey,mom birthday flowers,todo,todo,todo
355,2027-05-23,article,Повод,свадебная арка цветы,Свадебная арка из живых цветов в Нячанге,svadebnaya-arka-iz-zhivyh-cvetov-v-nyachange,wedding flower arch,todo,todo,todo
356,2027-05-24,article,Повод,бутоньерка жениху,Бутоньерка жениху и гостям,butonerka-zhenihu-i-gostyam,groom boutonniere,todo,todo,todo
357,2027-05-25,article,Повод,лепестки роз брачная ночь,Лепестки роз для брачной ночи,lepestki-roz-dlya-brachnoy-nochi,rose petals romance,todo,todo,todo
358,2027-05-26,article,Повод,цветы на выписку малыша,Цветы на выписку: мальчик или девочка,cvety-na-vypisku-malchik-ili-devochka,newborn welcome flowers,todo,todo,todo
359,2027-05-27,article,Повод,101 роза нячанг,Большой букет 101 роза в Нячанге,bolshoy-buket-101-roza-v-nyachange,101 roses big bouquet,todo,todo,todo
360,2027-05-28,article,Повод,маленький букет подарок,Маленький милый букетик в подарок,malenkiy-milyy-buketik-v-podarok,small cute bouquet,todo,todo,todo
361,2027-05-29,article,Повод,цветы и торт нячанг,Цветы и торт: двойной сюрприз в Нячанге,cvety-i-tort-dvoynoy-syurpriz-v-nyachange,flowers and cake,todo,todo,todo
362,2027-05-30,article,Повод,доставка цветов на виллу,Доставка цветов на виллу в Нячанге,dostavka-cvetov-na-villu-v-nyachange,villa flowers delivery,todo,todo,todo
363,2027-05-31,article,Повод,годовщина 1 год цветы,Цветы для годовщины 1 год (бумажная свадьба),cvety-dlya-godovschiny-1-god-bumazhnaya-svadba,first anniversary flowers,todo,todo,todo
364,2027-06-01,article,Повод,серебряная свадьба цветы,Цветы на серебряную свадьбу 25 лет,cvety-na-serebryanuyu-svadbu-25-let,silver anniversary flowers,todo,todo,todo
365,2027-06-02,article,Повод,букет на защиту диплома,Букет преподавателю на защиту диплома,buket-prepodavatelyu-na-zaschitu-diploma,graduation defense flowers,todo,todo,todo
